Donor Group PI,Recipient Group (commonly more than one group; add your name)
Li Ma (JHU APL),"Li Ma (JHU/APL) - Phase Field Modeling           Mahadevan & Karve, Veanderbilt University"
Li Ma (JHU APL),"
Ghosh group                                                        Mahadevan & Karve, Veanderbilt University"
John Lewandowski (CWRU),"SwRI 
Ghosh group                                                        Rollett, Narra, Webler"
Sneha Narra (CMU),"Sobotka (SwRI)
Ghosh group                                                        Lewandowski Group, Oskay Group, Rollett Group, Sun Group"
Caglar Oskay (Vanderbilt),Ghosh group
Tony Rollett (CMU),Ghosh group; Lewandowski group 
Tao Sun (Northwestern),
Tao Sun (Northwestern),Rollett and Narra Groups
Tao Sun (Northwestern),Taheri-Mousavi and Narra Groups
Mohadeseh Taheri-Mousavi (CMU),"Li Ma (JHU/APL) - CFD simulations
Ghosh group "
Mohadeseh Taheri-Mousavi (CMU),"Rollett group, CMU"
Mohadeseh Taheri-Mousavi (CMU),"Mahadevan & Karve, Vanderbilt university"
Mohadeseh Taheri-Mousavi (CMU),"Tao Sun group, Northwestern"
Bryan Webler (CMU),Ghosh
Bryan Webler (CMU),"Ghosh, Lewendowski"
Unidentified Donor,
CMU: Tony Rollett: Greg Wong: Kathryn Jones,Bryan Webler: Sierra Green
CMU: Tony Rollett: Greg Wong: Ioannis Delazios,Bryan Webler: Sierra Green; also Somnath Ghosh group
CMU: Tony Rollett: Greg Wong: Daniel Diaz,Somnath Ghosh group
CMU: Tony Rollett: Greg Wong,Karve / Mahadevan (VU)
Mohadeseh Taheri-Mousavi (CMU),Karve / Mahadevan (VU)
Tao Sun (Northwestern),Karve / Mahadevan (VU)
,
,
,
,
,
,
,
,
,
,
,
,
,
,
,
,
,
,
,
,
,
,
,
,
,
,
,
,
,
,
,
,
,
,
,
,
,
,
,
,
,
,
,
,
,
,
,
,
,
,
,
,
,
,
,
,
,
,
,
,
,
,
,
,
,
,
,
,
,
,
,
,
,
,
,
,
,
,
,
,
,
,
,
,
,
,
,
,
,
,
,
,
,
,
,
,
,
,
,
,
,
,
,
,
,
,
,
,
,
,
,
,
,
,
,
,
,
,
,
,
,
,
,
,
,
,
,
,
,
,
,
,
,
,
,
,
,
,
,
,
,
,
,
,
,
,
,
,
,
,
,
,
,
,
,
,
,
,
,
,
,
,
,
,
,
,
,
,
,
,
,
,
,
,
,
,
,
,
,
,
,
,
,
,
,
,
,
,
,
,
,
,
,
,
,
,
,
,
,
,
,
,
,
,
,
,
,
,
,
,
,
,
,
,
,
,
,
,
,
,
,
,
,
,
,
,
,
,
,
,
,
,
,
,
,
,
,
,
,
,
,
,
,
,
,
,
,
,
,
,
,
,
,
,
,
,
,
,
,
,
,
,
,
,
,
,
,
,
,
,
,
,
,
,
,
,
,
,
,
,
,
,
,
,
,
,
,
,
,
,
,
,
,
,
,
,
,
,
,
,
,
,
,
,
,
,
,
,
,
,
,
,
,
,
,
,
,
,
,
,
,
,
,
,
,
,
,
,
,
,
,
,
,
,
,
,
,
,
,
,
,
,
,
,
,
,
,
,
,
,
,
,
,
,
,
,
,
,
,
,
,
,
,
,
,
,
,
,
,
,
,
,
,
,
,
,
,
,
,
,
,
,
,
,
,
,
,
,
,
,
,
,
,
,
,
,
,
,
,
,
,
,
,
,
,
,
,
,
,
,
,
,
,
,
,
,
,
,
,
,
,
,
,
,
,
,
,
,
,
,
,
,
,
,
,
,
,
,
,
,
,
,
,
,
,
,
,
,
,
,
,
,
,
,
,
,
,
,
,
,
,
,
,
,
,
,
,
,
,
,
,
,
,
,
,
,
,
,
,
,
,
,
,
,
,
,
,
,
,
,
,
,
,
,
,
,
,
,
,
,
,
,
,
,
,
,
,
,
,
,
,
,
,
,
,
,
,
,
,
,
,
,
,
,
,
,
,
,
,
,
,
,
,
,
,
,
,
,
,
,
,
,
,
,
,
,
,
,
,
,
,
,
,
,
,
,
,
,
,
,
,
,
,
,
,
,
,
,
,
,
,
,
,
,
,
,
,
,
,
,
,
,
,
,
,
,
,
,
,
,
,
,
,
,
,
,
,
,
,
,
,
,
,
,
,
,
,
,
,
,
,
,
,
,
,
,
,
,
,
,
,
,
,
,
,
,
,
,
,
,
,
,
,
,
,
,
,
,
,
,
,
,
,
,
,
,
,
,
,
,
,
,
,
,
,
,
,
,
,
,
,
,
,
,
,
,
,
,
,
,
,
,
,
,
,
,
,
,
,
,
,
,
,
,
,
,
,
,
,
,
,
,
,
,
,
,
,
,
,
,
,
,
,
,
,
,
,
,
,
,
,
,
,
,
,
,
,
,
,
,
,
,
,
,
,
,
,
,
,
,
,
,
,
,
,
,
,
,
,
,
,
,
,
,
,
,
,
,
,
,
,
,
,
,
,
,
,
,
,
,
,
,
,
,
,
,
,
,
,
,
,
,
,
,
,
,
,
,
,
,
,
,
,
,
,
,
,
,
,
,
,
,
,
,
,
,
,
,
,
,
,
,
,
,
,
,
,
,
,
,
,
,
,
,
,
,
,
,
,
,
,
,
,
,
,
,
,
,
,
,
,
,
,
,
,
,
,
,
,
,
,
,
,
,
,
,
,
,
,
,
,
,
,
,
,
,
,
,
,
,
,
,
,
,
,
,
,
,
,
,
,
,
,
,
,
,
,
,
,
,
,
,
,
,
,
,
,
,
,
,
,
,
,
,
,
,
,
,
,
,
,
,
,
,
,
,
,
,
,
,
,
,
,
,
,
,
,
,
,
,
,
,
,
,
,
,
,
,
,
,
,
,
,
,
,
,
,
,
,
,
,
,
,
,
,
,
,
,
,
,
,
,
,
,
,
,
,
,